Date,Index
1995-09-11T00:00:00Z,4704.94
1995-09-12T00:00:00Z,4747.21
1995-09-13T00:00:00Z,4765.52
1995-09-14T00:00:00Z,4801.8
1995-09-15T00:00:00Z,4797.57
1995-09-18T00:00:00Z,4780.41
1995-09-19T00:00:00Z,4767.04
1995-09-20T00:00:00Z,4792.69
1995-09-21T00:00:00Z,4767.4
1995-09-22T00:00:00Z,4764.15
1995-09-25T00:00:00Z,4769.93
1995-09-26T00:00:00Z,4765.6
1995-09-27T00:00:00Z,4762.35
1995-09-28T00:00:00Z,4787.64
1995-09-29T00:00:00Z,4789.08
1995-10-02T00:00:00Z,4761.26
1995-10-03T00:00:00Z,4749.7
1995-10-04T00:00:00Z,4740.67
1995-10-05T00:00:00Z,4762.71
1995-10-06T00:00:00Z,4769.21
1995-10-09T00:00:00Z,4726.22
1995-10-10T00:00:00Z,4720.8
1995-10-11T00:00:00Z,4735.25
1995-10-12T00:00:00Z,4764.88
1995-10-13T00:00:00Z,4793.78
1995-10-16T00:00:00Z,4784.38
1995-10-17T00:00:00Z,4795.94
1995-10-18T00:00:00Z,4777.52
1995-10-19T00:00:00Z,4802.45
1995-10-20T00:00:00Z,4794.86
1995-10-23T00:00:00Z,4755.48
1995-10-24T00:00:00Z,4783.66
1995-10-25T00:00:00Z,4753.68
1995-10-26T00:00:00Z,4703.82
1995-10-27T00:00:00Z,4741.75
1995-10-30T00:00:00Z,4756.57
1995-10-31T00:00:00Z,4755.48
1995-11-01T00:00:00Z,4766.68
1995-11-02T00:00:00Z,4808.59
1995-11-03T00:00:00Z,4825.57
1995-11-06T00:00:00Z,4814.01
1995-11-07T00:00:00Z,4797.03
1995-11-08T00:00:00Z,4852.67
1995-11-09T00:00:00Z,4864.23
1995-11-10T00:00:00Z,4870.37
1995-11-13T00:00:00Z,4872.9
1995-11-14T00:00:00Z,4871.81
1995-11-15T00:00:00Z,4922.75
1995-11-16T00:00:00Z,4969.36
1995-11-17T00:00:00Z,4989.95
1995-11-20T00:00:00Z,4983.09
1995-11-21T00:00:00Z,5023.55
1995-11-22T00:00:00Z,5041.61
1995-11-23T00:00:00Z,5041.61
1995-11-24T00:00:00Z,5048.84
1995-11-27T00:00:00Z,5070.88
1995-11-28T00:00:00Z,5078.1
1995-11-29T00:00:00Z,5105.56
1995-11-30T00:00:00Z,5074.49
1995-12-01T00:00:00Z,5087.13
1995-12-04T00:00:00Z,5139.52
1995-12-05T00:00:00Z,5177.45
1995-12-06T00:00:00Z,5199.13
1995-12-07T00:00:00Z,5159.39
1995-12-08T00:00:00Z,5156.86
1995-12-11T00:00:00Z,5184.32
1995-12-12T00:00:00Z,5174.92
1995-12-13T00:00:00Z,5216.47
1995-12-14T00:00:00Z,5182.15
1995-12-15T00:00:00Z,5176.73
1995-12-18T00:00:00Z,5075.21
1995-12-19T00:00:00Z,5109.89
1995-12-20T00:00:00Z,5059.32
1995-12-21T00:00:00Z,5096.53
1995-12-22T00:00:00Z,5097.97
1995-12-25T00:00:00Z,5097.97
1995-12-26T00:00:00Z,5110.26
1995-12-27T00:00:00Z,5105.92
1995-12-28T00:00:00Z,5095.8
1995-12-29T00:00:00Z,5117.12
1996-01-01T00:00:00Z,5117.12
1996-01-02T00:00:00Z,5177.45
1996-01-03T00:00:00Z,5194.07
1996-01-04T00:00:00Z,5173.84
1996-01-05T00:00:00Z,5181.43
1996-01-08T00:00:00Z,5197.68
1996-01-09T00:00:00Z,5130.13
1996-01-10T00:00:00Z,5032.94
1996-01-11T00:00:00Z,5065.1
1996-01-12T00:00:00Z,5061.12
1996-01-15T00:00:00Z,5043.78
1996-01-16T00:00:00Z,5088.22
1996-01-17T00:00:00Z,5066.9
1996-01-18T00:00:00Z,5124.35
1996-01-19T00:00:00Z,5184.68
1996-01-22T00:00:00Z,5219.36
1996-01-23T00:00:00Z,5192.27
1996-01-24T00:00:00Z,5242.84
1996-01-25T00:00:00Z,5216.83
1996-01-26T00:00:00Z,5271.75
1996-01-29T00:00:00Z,5304.98
1996-01-30T00:00:00Z,5381.21
1996-01-31T00:00:00Z,5395.3
1996-02-01T00:00:00Z,5405.06
1996-02-02T00:00:00Z,5373.99
1996-02-05T00:00:00Z,5407.59
1996-02-06T00:00:00Z,5459.61
1996-02-07T00:00:00Z,5492.12
1996-02-08T00:00:00Z,5539.45
1996-02-09T00:00:00Z,5541.62
1996-02-12T00:00:00Z,5600.15
1996-02-13T00:00:00Z,5601.23
1996-02-14T00:00:00Z,5579.55
1996-02-15T00:00:00Z,5551.37
1996-02-16T00:00:00Z,5503.32
1996-02-19T00:00:00Z,5503.32
1996-02-20T00:00:00Z,5458.53
1996-02-21T00:00:00Z,5515.97
1996-02-22T00:00:00Z,5608.46
1996-02-23T00:00:00Z,5630.49
1996-02-26T00:00:00Z,5565.1
1996-02-27T00:00:00Z,5549.21
1996-02-28T00:00:00Z,5506.21
1996-02-29T00:00:00Z,5485.62
1996-03-01T00:00:00Z,5536.56
1996-03-04T00:00:00Z,5600.15
1996-03-05T00:00:00Z,5642.42
1996-03-06T00:00:00Z,5629.77
1996-03-07T00:00:00Z,5641.69
1996-03-08T00:00:00Z,5470.45
1996-03-11T00:00:00Z,5581
1996-03-12T00:00:00Z,5583.89
1996-03-13T00:00:00Z,5568.72
1996-03-14T00:00:00Z,5586.06
1996-03-15T00:00:00Z,5584.97
1996-03-18T00:00:00Z,5683.6
1996-03-19T00:00:00Z,5669.51
1996-03-20T00:00:00Z,5655.42
1996-03-21T00:00:00Z,5626.88
1996-03-22T00:00:00Z,5636.64
1996-03-25T00:00:00Z,5643.86
1996-03-26T00:00:00Z,5670.6
1996-03-27T00:00:00Z,5626.88
1996-03-28T00:00:00Z,5630.85
1996-03-29T00:00:00Z,5587.14
1996-04-01T00:00:00Z,5637.72
1996-04-02T00:00:00Z,5671.68
1996-04-03T00:00:00Z,5689.74
1996-04-04T00:00:00Z,5682.88
1996-04-05T00:00:00Z,5682.88
1996-04-08T00:00:00Z,5594.37
1996-04-09T00:00:00Z,5560.41
1996-04-10T00:00:00Z,5485.98
1996-04-11T00:00:00Z,5487.07
1996-04-12T00:00:00Z,5532.59
1996-04-15T00:00:00Z,5592.92
1996-04-16T00:00:00Z,5620.02
1996-04-17T00:00:00Z,5549.93
1996-04-18T00:00:00Z,5551.74
1996-04-19T00:00:00Z,5535.48
1996-04-22T00:00:00Z,5564.74
1996-04-23T00:00:00Z,5588.59
1996-04-24T00:00:00Z,5553.9
1996-04-25T00:00:00Z,5566.91
1996-04-26T00:00:00Z,5567.99
1996-04-29T00:00:00Z,5573.41
1996-04-30T00:00:00Z,5569.08
1996-05-01T00:00:00Z,5575.22
1996-05-02T00:00:00Z,5498.27
1996-05-03T00:00:00Z,5478.03
1996-05-06T00:00:00Z,5464.31
1996-05-07T00:00:00Z,5420.95
1996-05-08T00:00:00Z,5474.06
1996-05-09T00:00:00Z,5475.14
1996-05-10T00:00:00Z,5518.14
1996-05-13T00:00:00Z,5582.6
1996-05-14T00:00:00Z,5624.71
1996-05-15T00:00:00Z,5625.44
1996-05-16T00:00:00Z,5635.05
1996-05-17T00:00:00Z,5687.5
1996-05-20T00:00:00Z,5748.82
1996-05-21T00:00:00Z,5736.26
1996-05-22T00:00:00Z,5778
1996-05-23T00:00:00Z,5762.12
1996-05-24T00:00:00Z,5762.86
1996-05-27T00:00:00Z,5762.86
1996-05-28T00:00:00Z,5709.67
1996-05-29T00:00:00Z,5673.83
1996-05-30T00:00:00Z,5693.41
1996-05-31T00:00:00Z,5643.18
1996-06-03T00:00:00Z,5624.71
1996-06-04T00:00:00Z,5665.71
1996-06-05T00:00:00Z,5697.48
1996-06-06T00:00:00Z,5667.19
1996-06-07T00:00:00Z,5697.11
1996-06-10T00:00:00Z,5687.87
1996-06-11T00:00:00Z,5668.66
1996-06-12T00:00:00Z,5668.29
1996-06-13T00:00:00Z,5657.95
1996-06-14T00:00:00Z,5649.45
1996-06-17T00:00:00Z,5652.78
1996-06-18T00:00:00Z,5628.03
1996-06-19T00:00:00Z,5648.35
1996-06-20T00:00:00Z,5659.43
1996-06-21T00:00:00Z,5705.23
1996-06-24T00:00:00Z,5717.79
1996-06-25T00:00:00Z,5719.27
1996-06-26T00:00:00Z,5682.7
1996-06-27T00:00:00Z,5677.53
1996-06-28T00:00:00Z,5654.63
1996-07-01T00:00:00Z,5729.98
1996-07-02T00:00:00Z,5720.38
1996-07-03T00:00:00Z,5703.02
1996-07-04T00:00:00Z,5703.02
1996-07-05T00:00:00Z,5588.14
1996-07-08T00:00:00Z,5550.83
1996-07-09T00:00:00Z,5581.86
1996-07-10T00:00:00Z,5603.65
1996-07-11T00:00:00Z,5520.5
1996-07-12T00:00:00Z,5510.56
1996-07-15T00:00:00Z,5349.51
1996-07-16T00:00:00Z,5358.76
1996-07-17T00:00:00Z,5376.88
1996-07-18T00:00:00Z,5464.18
1996-07-19T00:00:00Z,5426.82
1996-07-22T00:00:00Z,5390.94
1996-07-23T00:00:00Z,5346.55
1996-07-24T00:00:00Z,5354.69
1996-07-25T00:00:00Z,5422.01
1996-07-26T00:00:00Z,5473.06
1996-07-29T00:00:00Z,5434.59
1996-07-30T00:00:00Z,5481.93
1996-07-31T00:00:00Z,5528.91
1996-08-01T00:00:00Z,5594.75
1996-08-02T00:00:00Z,5679.83
1996-08-05T00:00:00Z,5674.28
1996-08-06T00:00:00Z,5696.11
1996-08-07T00:00:00Z,5718.67
1996-08-08T00:00:00Z,5713.49
1996-08-09T00:00:00Z,5681.31
1996-08-12T00:00:00Z,5704.98
1996-08-13T00:00:00Z,5647.28
1996-08-14T00:00:00Z,5666.88
1996-08-15T00:00:00Z,5665.78
1996-08-16T00:00:00Z,5689.45
1996-08-19T00:00:00Z,5699.44
1996-08-20T00:00:00Z,5721.26
1996-08-21T00:00:00Z,5689.82
1996-08-22T00:00:00Z,5733.47
1996-08-23T00:00:00Z,5722.74
1996-08-26T00:00:00Z,5693.89
1996-08-27T00:00:00Z,5711.27
1996-08-28T00:00:00Z,5712.38
1996-08-29T00:00:00Z,5647.65
1996-08-30T00:00:00Z,5616.21
1996-09-02T00:00:00Z,5616.21
1996-09-03T00:00:00Z,5648.39
1996-09-04T00:00:00Z,5656.9
1996-09-05T00:00:00Z,5606.96
1996-09-06T00:00:00Z,5659.86
1996-09-09T00:00:00Z,5733.84
1996-09-10T00:00:00Z,5727.18
1996-09-11T00:00:00Z,5754.92
1996-09-12T00:00:00Z,5771.94
1996-09-13T00:00:00Z,5838.52
1996-09-16T00:00:00Z,5889.2
1996-09-17T00:00:00Z,5888.83
1996-09-18T00:00:00Z,5877.36
1996-09-19T00:00:00Z,5867.74
1996-09-20T00:00:00Z,5888.46
1996-09-23T00:00:00Z,5894.74
1996-09-24T00:00:00Z,5874.03
1996-09-25T00:00:00Z,5877.36
1996-09-26T00:00:00Z,5868.85
1996-09-27T00:00:00Z,5872.92
1996-09-30T00:00:00Z,5882.17
1996-10-01T00:00:00Z,5904.9
1996-10-02T00:00:00Z,5933.97
1996-10-03T00:00:00Z,5932.85
1996-10-04T00:00:00Z,5992.86
1996-10-07T00:00:00Z,5979.81
1996-10-08T00:00:00Z,5966.77
1996-10-09T00:00:00Z,5930.62
1996-10-10T00:00:00Z,5921.67
1996-10-11T00:00:00Z,5969.38
1996-10-14T00:00:00Z,6010
1996-10-15T00:00:00Z,6004.78
1996-10-16T00:00:00Z,6020.81
1996-10-17T00:00:00Z,6059.2
1996-10-18T00:00:00Z,6094.23
1996-10-21T00:00:00Z,6090.87
1996-10-22T00:00:00Z,6061.8
1996-10-23T00:00:00Z,6036.46
1996-10-24T00:00:00Z,5992.48
1996-10-25T00:00:00Z,6007.02
1996-10-28T00:00:00Z,5972.73
1996-10-29T00:00:00Z,6007.02
1996-10-30T00:00:00Z,5993.23
1996-10-31T00:00:00Z,6029.38
1996-11-01T00:00:00Z,6021.93
1996-11-04T00:00:00Z,6041.68
1996-11-05T00:00:00Z,6081.18
1996-11-06T00:00:00Z,6177.71
1996-11-07T00:00:00Z,6206.04
1996-11-08T00:00:00Z,6219.82
1996-11-11T00:00:00Z,6255.6
1996-11-12T00:00:00Z,6266.04
1996-11-13T00:00:00Z,6274.24
1996-11-14T00:00:00Z,6313
1996-11-15T00:00:00Z,6348.03
1996-11-18T00:00:00Z,6346.91
1996-11-19T00:00:00Z,6397.6
1996-11-20T00:00:00Z,6430.02
1996-11-21T00:00:00Z,6418.47
1996-11-22T00:00:00Z,6471.76
1996-11-25T00:00:00Z,6547.79
1996-11-26T00:00:00Z,6528.41
1996-11-27T00:00:00Z,6499.34
1996-11-28T00:00:00Z,6499.34
1996-11-29T00:00:00Z,6521.7
1996-12-02T00:00:00Z,6521.7
1996-12-03T00:00:00Z,6442.69
1996-12-04T00:00:00Z,6422.94
1996-12-05T00:00:00Z,6437.1
1996-12-06T00:00:00Z,6381.94
1996-12-09T00:00:00Z,6463.94
1996-12-10T00:00:00Z,6473.25
1996-12-11T00:00:00Z,6402.52
1996-12-12T00:00:00Z,6303.71
1996-12-13T00:00:00Z,6304.87
1996-12-16T00:00:00Z,6268.35
1996-12-17T00:00:00Z,6308.33
1996-12-18T00:00:00Z,6346.77
1996-12-19T00:00:00Z,6473.64
1996-12-20T00:00:00Z,6484.4
1996-12-23T00:00:00Z,6489.02
1996-12-24T00:00:00Z,6522.85
1996-12-25T00:00:00Z,6522.85
1996-12-26T00:00:00Z,6546.68
1996-12-27T00:00:00Z,6560.91
1996-12-30T00:00:00Z,6549.37
1996-12-31T00:00:00Z,6448.27
1997-01-01T00:00:00Z,6448.27
1997-01-02T00:00:00Z,6442.49
1997-01-03T00:00:00Z,6544.09
1997-01-06T00:00:00Z,6567.18
1997-01-07T00:00:00Z,6600.66
1997-01-08T00:00:00Z,6549.48
1997-01-09T00:00:00Z,6625.67
1997-01-10T00:00:00Z,6703.79
1997-01-13T00:00:00Z,6709.18
1997-01-14T00:00:00Z,6762.29
1997-01-15T00:00:00Z,6726.88
1997-01-16T00:00:00Z,6765.37
1997-01-17T00:00:00Z,6833.1
1997-01-20T00:00:00Z,6843.87
1997-01-21T00:00:00Z,6883.9
1997-01-22T00:00:00Z,6850.03
1997-01-23T00:00:00Z,6755.75
1997-01-24T00:00:00Z,6696.48
1997-01-27T00:00:00Z,6660.69
1997-01-28T00:00:00Z,6656.08
1997-01-29T00:00:00Z,6740.74
1997-01-30T00:00:00Z,6823.86
1997-01-31T00:00:00Z,6813.09
1997-02-03T00:00:00Z,6806.16
1997-02-04T00:00:00Z,6833.48
1997-02-05T00:00:00Z,6746.9
1997-02-06T00:00:00Z,6773.06
1997-02-07T00:00:00Z,6855.8
1997-02-10T00:00:00Z,6806.54
1997-02-11T00:00:00Z,6858.11
1997-02-12T00:00:00Z,6961.63
1997-02-13T00:00:00Z,7022.44
1997-02-14T00:00:00Z,6988.96
1997-02-17T00:00:00Z,6988.96
1997-02-18T00:00:00Z,7067.46
1997-02-19T00:00:00Z,7020.13
1997-02-20T00:00:00Z,6927.38
1997-02-21T00:00:00Z,6931.62
1997-02-24T00:00:00Z,7008.2
1997-02-25T00:00:00Z,7037.83
1997-02-26T00:00:00Z,6983.18
1997-02-27T00:00:00Z,6925.07
1997-02-28T00:00:00Z,6877.74
1997-03-03T00:00:00Z,6918.92
1997-03-04T00:00:00Z,6852.72
1997-03-05T00:00:00Z,6945.85
1997-03-06T00:00:00Z,6944.7
1997-03-07T00:00:00Z,7000.89
1997-03-10T00:00:00Z,7079.39
1997-03-11T00:00:00Z,7085.16
1997-03-12T00:00:00Z,7039.37
1997-03-13T00:00:00Z,6878.89
1997-03-14T00:00:00Z,6935.46
1997-03-17T00:00:00Z,6955.48
1997-03-18T00:00:00Z,6896.56
1997-03-19T00:00:00Z,6877.68
1997-03-20T00:00:00Z,6820.28
1997-03-21T00:00:00Z,6804.79
1997-03-24T00:00:00Z,6905.25
1997-03-25T00:00:00Z,6876.17
1997-03-26T00:00:00Z,6880.7
1997-03-27T00:00:00Z,6740.59
1997-03-28T00:00:00Z,6740.59
1997-03-31T00:00:00Z,6583.48
1997-04-01T00:00:00Z,6611.05
1997-04-02T00:00:00Z,6517.01
1997-04-03T00:00:00Z,6477.35
1997-04-04T00:00:00Z,6526.07
1997-04-07T00:00:00Z,6555.91
1997-04-08T00:00:00Z,6609.16
1997-04-09T00:00:00Z,6563.84
1997-04-10T00:00:00Z,6540.05
1997-04-11T00:00:00Z,6391.69
1997-04-14T00:00:00Z,6451.9
1997-04-15T00:00:00Z,6587.16
1997-04-16T00:00:00Z,6679.87
1997-04-17T00:00:00Z,6658.6
1997-04-18T00:00:00Z,6703.55
1997-04-21T00:00:00Z,6660.21
1997-04-22T00:00:00Z,6833.59
1997-04-23T00:00:00Z,6812.72
1997-04-24T00:00:00Z,6792.25
1997-04-25T00:00:00Z,6738.87
1997-04-28T00:00:00Z,6783.02
1997-04-29T00:00:00Z,6962.03
1997-04-30T00:00:00Z,7008.99
1997-05-01T00:00:00Z,6976.48
1997-05-02T00:00:00Z,7071.2
1997-05-05T00:00:00Z,7214.49
1997-05-06T00:00:00Z,7225.32
1997-05-07T00:00:00Z,7085.65
1997-05-08T00:00:00Z,7136.62
1997-05-09T00:00:00Z,7169.53
1997-05-12T00:00:00Z,7292.75
1997-05-13T00:00:00Z,7274.21
1997-05-14T00:00:00Z,7286.16
1997-05-15T00:00:00Z,7333.55
1997-05-16T00:00:00Z,7194.67
1997-05-19T00:00:00Z,7228.88
1997-05-20T00:00:00Z,7303.46
1997-05-21T00:00:00Z,7290.69
1997-05-22T00:00:00Z,7258.13
1997-05-23T00:00:00Z,7345.91
1997-05-26T00:00:00Z,7345.91
1997-05-27T00:00:00Z,7383.41
1997-05-28T00:00:00Z,7357.23
1997-05-29T00:00:00Z,7330.18
1997-05-30T00:00:00Z,7331.04
1997-06-02T00:00:00Z,7289.4
1997-06-03T00:00:00Z,7312.15
1997-06-04T00:00:00Z,7269.66
1997-06-05T00:00:00Z,7305.29
1997-06-06T00:00:00Z,7435.78
1997-06-09T00:00:00Z,7478.5
1997-06-10T00:00:00Z,7539.27
1997-06-11T00:00:00Z,7575.83
1997-06-12T00:00:00Z,7711.47
1997-06-13T00:00:00Z,7782.04
1997-06-16T00:00:00Z,7772.09
1997-06-17T00:00:00Z,7760.78
1997-06-18T00:00:00Z,7718.71
1997-06-19T00:00:00Z,7777.06
1997-06-20T00:00:00Z,7796.51
1997-06-23T00:00:00Z,7604.26
1997-06-24T00:00:00Z,7758.06
1997-06-25T00:00:00Z,7689.98
1997-06-26T00:00:00Z,7654.25
1997-06-27T00:00:00Z,7687.72
1997-06-30T00:00:00Z,7672.79
1997-07-01T00:00:00Z,7722.33
1997-07-02T00:00:00Z,7795.38
1997-07-03T00:00:00Z,7895.81
1997-07-04T00:00:00Z,7895.81
1997-07-07T00:00:00Z,7858.49
1997-07-08T00:00:00Z,7962.31
1997-07-09T00:00:00Z,7842.43
1997-07-10T00:00:00Z,7886.76
1997-07-11T00:00:00Z,7921.82
1997-07-14T00:00:00Z,7922.98
1997-07-15T00:00:00Z,7975.71
1997-07-16T00:00:00Z,8038.88
1997-07-17T00:00:00Z,8020.77
1997-07-18T00:00:00Z,7890.46
1997-07-21T00:00:00Z,7906.72
1997-07-22T00:00:00Z,8061.65
1997-07-23T00:00:00Z,8088.36
1997-07-24T00:00:00Z,8116.93
1997-07-25T00:00:00Z,8113.44
1997-07-28T00:00:00Z,8121.11
1997-07-29T00:00:00Z,8174.53
1997-07-30T00:00:00Z,8254.89
1997-07-31T00:00:00Z,8222.61
1997-08-01T00:00:00Z,8194.04
1997-08-04T00:00:00Z,8198.45
1997-08-05T00:00:00Z,8187.54
1997-08-06T00:00:00Z,8259.31
1997-08-07T00:00:00Z,8188
1997-08-08T00:00:00Z,8031.22
1997-08-11T00:00:00Z,8062.11
1997-08-12T00:00:00Z,7960.84
1997-08-13T00:00:00Z,7928.32
1997-08-14T00:00:00Z,7942.03
1997-08-15T00:00:00Z,7694.66
1997-08-18T00:00:00Z,7803.36
1997-08-19T00:00:00Z,7918.1
1997-08-20T00:00:00Z,8021.23
1997-08-21T00:00:00Z,7893.95
1997-08-22T00:00:00Z,7887.91
1997-08-25T00:00:00Z,7859.57
1997-08-26T00:00:00Z,7782.22
1997-08-27T00:00:00Z,7787.33
1997-08-28T00:00:00Z,7694.43
1997-08-29T00:00:00Z,7622.42
1997-09-01T00:00:00Z,7622.42
1997-09-02T00:00:00Z,7879.78
1997-09-03T00:00:00Z,7894.64
1997-09-04T00:00:00Z,7867.24
1997-09-05T00:00:00Z,7822.41
1997-09-08T00:00:00Z,7835.18
1997-09-09T00:00:00Z,7851.91
1997-09-10T00:00:00Z,7719.28
1997-09-11T00:00:00Z,7660.98
1997-09-12T00:00:00Z,7742.97
1997-09-15T00:00:00Z,7721.14
1997-09-16T00:00:00Z,7895.92
1997-09-17T00:00:00Z,7886.44
1997-09-18T00:00:00Z,7922.72
1997-09-19T00:00:00Z,7917.27
1997-09-22T00:00:00Z,7996.83
1997-09-23T00:00:00Z,7970.06
1997-09-24T00:00:00Z,7906.71
1997-09-25T00:00:00Z,7848.01
1997-09-26T00:00:00Z,7922.18
1997-09-29T00:00:00Z,7991.43
1997-09-30T00:00:00Z,7945.26
1997-10-01T00:00:00Z,8015.5
1997-10-02T00:00:00Z,8027.53
1997-10-03T00:00:00Z,8038.58
1997-10-06T00:00:00Z,8100.22
1997-10-07T00:00:00Z,8178.31
1997-10-08T00:00:00Z,8095.06
1997-10-09T00:00:00Z,8061.42
1997-10-10T00:00:00Z,8045.21
1997-10-13T00:00:00Z,8072.22
1997-10-14T00:00:00Z,8096.29
1997-10-15T00:00:00Z,8057.98
1997-10-16T00:00:00Z,7938.88
1997-10-17T00:00:00Z,7847.03
1997-10-20T00:00:00Z,7921.44
1997-10-21T00:00:00Z,8060.44
1997-10-22T00:00:00Z,8034.65
1997-10-23T00:00:00Z,7847.77
1997-10-24T00:00:00Z,7715.41
1997-10-27T00:00:00Z,7161.15
1997-10-28T00:00:00Z,7498.32
1997-10-29T00:00:00Z,7506.67
1997-10-30T00:00:00Z,7381.67
1997-10-31T00:00:00Z,7442.08
1997-11-03T00:00:00Z,7674.39
1997-11-04T00:00:00Z,7689.13
1997-11-05T00:00:00Z,7692.57
1997-11-06T00:00:00Z,7683.24
1997-11-07T00:00:00Z,7581.32
1997-11-10T00:00:00Z,7552.59
1997-11-11T00:00:00Z,7558.73
1997-11-12T00:00:00Z,7401.32
1997-11-13T00:00:00Z,7487.76
1997-11-14T00:00:00Z,7572.48
1997-11-17T00:00:00Z,7698.22
1997-11-18T00:00:00Z,7650.82
1997-11-19T00:00:00Z,7724.74
1997-11-20T00:00:00Z,7826.61
1997-11-21T00:00:00Z,7881.07
1997-11-24T00:00:00Z,7767.92
1997-11-25T00:00:00Z,7808.95
1997-11-26T00:00:00Z,7794.78
1997-11-27T00:00:00Z,7794.78
1997-11-28T00:00:00Z,7823.13
1997-12-01T00:00:00Z,8013.11
1997-12-02T00:00:00Z,8018.83
1997-12-03T00:00:00Z,8032.01
1997-12-04T00:00:00Z,8050.16
1997-12-05T00:00:00Z,8149.13
1997-12-08T00:00:00Z,8110.84
1997-12-09T00:00:00Z,8049.66
1997-12-10T00:00:00Z,7978.79
1997-12-11T00:00:00Z,7848.99
1997-12-12T00:00:00Z,7838.3
1997-12-15T00:00:00Z,7922.59
1997-12-16T00:00:00Z,7976.31
1997-12-17T00:00:00Z,7957.41
1997-12-18T00:00:00Z,7846.5
1997-12-19T00:00:00Z,7756.29
1997-12-22T00:00:00Z,7819.31
1997-12-23T00:00:00Z,7691.77
1997-12-24T00:00:00Z,7660.13
1997-12-25T00:00:00Z,7660.13
1997-12-26T00:00:00Z,7679.31
1997-12-29T00:00:00Z,7792.41
1997-12-30T00:00:00Z,7915.97
1997-12-31T00:00:00Z,7908.25
1998-01-01T00:00:00Z,7908.25
1998-01-02T00:00:00Z,7965.04
1998-01-05T00:00:00Z,7978.99
1998-01-06T00:00:00Z,7906.25
1998-01-07T00:00:00Z,7902.27
1998-01-08T00:00:00Z,7802.62
1998-01-09T00:00:00Z,7580.42
1998-01-12T00:00:00Z,7647.18
1998-01-13T00:00:00Z,7732.13
1998-01-14T00:00:00Z,7784.69
1998-01-15T00:00:00Z,7691.77
1998-01-16T00:00:00Z,7753.55
1998-01-19T00:00:00Z,7753.55
1998-01-20T00:00:00Z,7873.12
1998-01-21T00:00:00Z,7794.4
1998-01-22T00:00:00Z,7730.88
1998-01-23T00:00:00Z,7700.74
1998-01-26T00:00:00Z,7712.94
1998-01-27T00:00:00Z,7815.08
1998-01-28T00:00:00Z,7915.47
1998-01-29T00:00:00Z,7973.02
1998-01-30T00:00:00Z,7906.5
1998-02-02T00:00:00Z,8107.78
1998-02-03T00:00:00Z,8160.35
1998-02-04T00:00:00Z,8129.71
1998-02-05T00:00:00Z,8117.25
1998-02-06T00:00:00Z,8189.49
1998-02-09T00:00:00Z,8180.52
1998-02-10T00:00:00Z,8295.61
1998-02-11T00:00:00Z,8314.55
1998-02-12T00:00:00Z,8369.6
1998-02-13T00:00:00Z,8370.1
1998-02-16T00:00:00Z,8370.1
1998-02-17T00:00:00Z,8398.5
1998-02-18T00:00:00Z,8451.06
1998-02-19T00:00:00Z,8375.58
1998-02-20T00:00:00Z,8413.94
1998-02-23T00:00:00Z,8410.2
1998-02-24T00:00:00Z,8370.1
1998-02-25T00:00:00Z,8457.78
1998-02-26T00:00:00Z,8490.67
1998-02-27T00:00:00Z,8545.72
1998-03-02T00:00:00Z,8550.45
1998-03-03T00:00:00Z,8584.83
1998-03-04T00:00:00Z,8539.24
1998-03-05T00:00:00Z,8444.33
1998-03-06T00:00:00Z,8569.39
1998-03-09T00:00:00Z,8567.14
1998-03-10T00:00:00Z,8643.12
1998-03-11T00:00:00Z,8675.75
1998-03-12T00:00:00Z,8659.56
1998-03-13T00:00:00Z,8602.52
1998-03-16T00:00:00Z,8718.85
1998-03-17T00:00:00Z,8749.99
1998-03-18T00:00:00Z,8775.4
1998-03-19T00:00:00Z,8803.05
1998-03-20T00:00:00Z,8906.43
1998-03-23T00:00:00Z,8816.25
1998-03-24T00:00:00Z,8904.44
1998-03-25T00:00:00Z,8872.8
1998-03-26T00:00:00Z,8846.89
1998-03-27T00:00:00Z,8796.08
1998-03-30T00:00:00Z,8782.12
1998-03-31T00:00:00Z,8799.81
1998-04-01T00:00:00Z,8868.32
1998-04-02T00:00:00Z,8986.64
1998-04-03T00:00:00Z,8983.41
1998-04-06T00:00:00Z,9033.23
1998-04-07T00:00:00Z,8956.5
1998-04-08T00:00:00Z,8891.48
1998-04-09T00:00:00Z,8994.86
1998-04-10T00:00:00Z,8994.86
1998-04-13T00:00:00Z,9012.3
1998-04-14T00:00:00Z,9110.2
1998-04-15T00:00:00Z,9162.27
1998-04-16T00:00:00Z,9076.57
1998-04-17T00:00:00Z,9167.5
1998-04-20T00:00:00Z,9141.84
1998-04-21T00:00:00Z,9184.94
1998-04-22T00:00:00Z,9176.72
1998-04-23T00:00:00Z,9143.33
1998-04-24T00:00:00Z,9064.62
1998-04-27T00:00:00Z,8917.64
1998-04-28T00:00:00Z,8898.96
1998-04-29T00:00:00Z,8951.52
1998-04-30T00:00:00Z,9063.37
1998-05-01T00:00:00Z,9147.07
1998-05-04T00:00:00Z,9192.66
1998-05-05T00:00:00Z,9147.57
1998-05-06T00:00:00Z,9054.65
1998-05-07T00:00:00Z,8976.68
1998-05-08T00:00:00Z,9055.15
1998-05-11T00:00:00Z,9091.52
1998-05-12T00:00:00Z,9161.77
1998-05-13T00:00:00Z,9211.84
1998-05-14T00:00:00Z,9172.23
1998-05-15T00:00:00Z,9096
1998-05-18T00:00:00Z,9050.91
1998-05-19T00:00:00Z,9054.65
1998-05-20T00:00:00Z,9171.48
1998-05-21T00:00:00Z,9132.37
1998-05-22T00:00:00Z,9114.44
1998-05-25T00:00:00Z,9114.44
1998-05-26T00:00:00Z,8963.73
1998-05-27T00:00:00Z,8936.57
1998-05-28T00:00:00Z,8970.2
1998-05-29T00:00:00Z,8899.95
1998-06-01T00:00:00Z,8922.37
1998-06-02T00:00:00Z,8891.24
1998-06-03T00:00:00Z,8803.8
1998-06-04T00:00:00Z,8870.56
1998-06-05T00:00:00Z,9037.71
1998-06-08T00:00:00Z,9069.6
1998-06-09T00:00:00Z,9049.92
1998-06-10T00:00:00Z,8971.7
1998-06-11T00:00:00Z,8811.77
1998-06-12T00:00:00Z,8834.94
1998-06-15T00:00:00Z,8627.93
1998-06-16T00:00:00Z,8665.29
1998-06-17T00:00:00Z,8829.46
1998-06-18T00:00:00Z,8813.01
1998-06-19T00:00:00Z,8712.87
1998-06-22T00:00:00Z,8711.13
1998-06-23T00:00:00Z,8828.46
1998-06-24T00:00:00Z,8923.87
1998-06-25T00:00:00Z,8935.58
1998-06-26T00:00:00Z,8944.54
1998-06-29T00:00:00Z,8997.36
1998-06-30T00:00:00Z,8952.02
1998-07-01T00:00:00Z,9048.67
1998-07-02T00:00:00Z,9025.26
1998-07-03T00:00:00Z,9025.26
1998-07-06T00:00:00Z,9091.77
1998-07-07T00:00:00Z,9085.04
1998-07-08T00:00:00Z,9174.97
1998-07-09T00:00:00Z,9089.78
1998-07-10T00:00:00Z,9105.74
1998-07-13T00:00:00Z,9096.21
1998-07-14T00:00:00Z,9245.54
1998-07-15T00:00:00Z,9234.47
1998-07-16T00:00:00Z,9328.19
1998-07-17T00:00:00Z,9337.97
1998-07-20T00:00:00Z,9295.75
1998-07-21T00:00:00Z,9190.19
1998-07-22T00:00:00Z,9128.91
1998-07-23T00:00:00Z,8932.98
1998-07-24T00:00:00Z,8937.36
1998-07-27T00:00:00Z,9028.24
1998-07-28T00:00:00Z,8934.78
1998-07-29T00:00:00Z,8914.96
1998-07-30T00:00:00Z,9026.95
1998-07-31T00:00:00Z,8883.29
1998-08-03T00:00:00Z,8786.74
1998-08-04T00:00:00Z,8487.31
1998-08-05T00:00:00Z,8546.78
1998-08-06T00:00:00Z,8577.68
1998-08-07T00:00:00Z,8598.02
1998-08-10T00:00:00Z,8574.85
1998-08-11T00:00:00Z,8462.85
1998-08-12T00:00:00Z,8552.96
1998-08-13T00:00:00Z,8459.5
1998-08-14T00:00:00Z,8425
1998-08-17T00:00:00Z,8574.85
1998-08-18T00:00:00Z,8714.65
1998-08-19T00:00:00Z,8693.28
1998-08-20T00:00:00Z,8611.41
1998-08-21T00:00:00Z,8533.65
1998-08-24T00:00:00Z,8566.61
1998-08-25T00:00:00Z,8602.65
1998-08-26T00:00:00Z,8523.35
1998-08-27T00:00:00Z,8165.99
1998-08-28T00:00:00Z,8051.68
1998-08-31T00:00:00Z,7539.07
1998-09-01T00:00:00Z,7827.43
1998-09-02T00:00:00Z,7782.37
1998-09-03T00:00:00Z,7682.22
1998-09-04T00:00:00Z,7640.25
1998-09-07T00:00:00Z,7640.25
1998-09-08T00:00:00Z,8020.78
1998-09-09T00:00:00Z,7865.02
1998-09-10T00:00:00Z,7615.54
1998-09-11T00:00:00Z,7795.5
1998-09-14T00:00:00Z,7945.35
1998-09-15T00:00:00Z,8024.39
1998-09-16T00:00:00Z,8089.78
1998-09-17T00:00:00Z,7873.77
1998-09-18T00:00:00Z,7895.66
1998-09-21T00:00:00Z,7933.25
1998-09-22T00:00:00Z,7897.2
1998-09-23T00:00:00Z,8154.41
1998-09-24T00:00:00Z,8001.99
1998-09-25T00:00:00Z,8028.77
1998-09-28T00:00:00Z,8108.84
1998-09-29T00:00:00Z,8080.52
1998-09-30T00:00:00Z,7842.62
1998-10-01T00:00:00Z,7632.53
1998-10-02T00:00:00Z,7784.69
1998-10-05T00:00:00Z,7726.24
1998-10-06T00:00:00Z,7742.98
1998-10-07T00:00:00Z,7741.69
1998-10-08T00:00:00Z,7731.91
1998-10-09T00:00:00Z,7899.52
1998-10-12T00:00:00Z,8001.47
1998-10-13T00:00:00Z,7938.14
1998-10-14T00:00:00Z,7968.78
1998-10-15T00:00:00Z,8299.36
1998-10-16T00:00:00Z,8416.76
1998-10-19T00:00:00Z,8466.45
1998-10-20T00:00:00Z,8505.85
1998-10-21T00:00:00Z,8519.23
1998-10-22T00:00:00Z,8533.14
1998-10-23T00:00:00Z,8452.29
1998-10-26T00:00:00Z,8432.21
1998-10-27T00:00:00Z,8366.04
1998-10-28T00:00:00Z,8371.97
1998-10-29T00:00:00Z,8495.03
1998-10-30T00:00:00Z,8592.1
1998-11-02T00:00:00Z,8706.15
1998-11-03T00:00:00Z,8706.15
1998-11-04T00:00:00Z,8783.14
1998-11-05T00:00:00Z,8915.47
1998-11-06T00:00:00Z,8975.46
1998-11-09T00:00:00Z,8897.96
1998-11-10T00:00:00Z,8863.98
1998-11-11T00:00:00Z,8823.82
1998-11-12T00:00:00Z,8829.74
1998-11-13T00:00:00Z,8919.59
1998-11-16T00:00:00Z,9011.25
1998-11-17T00:00:00Z,8986.28
1998-11-18T00:00:00Z,9041.11
1998-11-19T00:00:00Z,9056.05
1998-11-20T00:00:00Z,9159.55
1998-11-23T00:00:00Z,9374.27
1998-11-24T00:00:00Z,9301.15
1998-11-25T00:00:00Z,9314.28
1998-11-26T00:00:00Z,9314.28
1998-11-27T00:00:00Z,9333.08
1998-11-30T00:00:00Z,9116.55
1998-12-01T00:00:00Z,9133.54
1998-12-02T00:00:00Z,9064.54
1998-12-03T00:00:00Z,8879.68
1998-12-04T00:00:00Z,9016.14
1998-12-07T00:00:00Z,9070.47
1998-12-08T00:00:00Z,9027.98
1998-12-09T00:00:00Z,9009.19
1998-12-10T00:00:00Z,8841.58
1998-12-11T00:00:00Z,8821.76
1998-12-14T00:00:00Z,8695.6
1998-12-15T00:00:00Z,8823.3
1998-12-16T00:00:00Z,8790.6
1998-12-17T00:00:00Z,8875.82
1998-12-18T00:00:00Z,8903.63
1998-12-21T00:00:00Z,8988.85
1998-12-22T00:00:00Z,9044.46
1998-12-23T00:00:00Z,9202.03
1998-12-24T00:00:00Z,9217.99
1998-12-25T00:00:00Z,9217.99
1998-12-28T00:00:00Z,9226.75
1998-12-29T00:00:00Z,9320.98
1998-12-30T00:00:00Z,9274.64
1998-12-31T00:00:00Z,9181.43
1999-01-01T00:00:00Z,9181.43
1999-01-04T00:00:00Z,9184.27
1999-01-05T00:00:00Z,9311.19
1999-01-06T00:00:00Z,9544.97
1999-01-07T00:00:00Z,9537.76
1999-01-08T00:00:00Z,9643.32
1999-01-11T00:00:00Z,9619.89
1999-01-12T00:00:00Z,9474.68
1999-01-13T00:00:00Z,9349.56
1999-01-14T00:00:00Z,9120.93
1999-01-15T00:00:00Z,9340.55
1999-01-18T00:00:00Z,9340.55
1999-01-19T00:00:00Z,9355.22
1999-01-20T00:00:00Z,9335.91
1999-01-21T00:00:00Z,9264.08
1999-01-22T00:00:00Z,9120.67
1999-01-25T00:00:00Z,9203.32
1999-01-26T00:00:00Z,9324.58
1999-01-27T00:00:00Z,9200.23
1999-01-28T00:00:00Z,9281.33
1999-01-29T00:00:00Z,9358.83
1999-02-01T00:00:00Z,9345.7
1999-02-02T00:00:00Z,9274.12
1999-02-03T00:00:00Z,9366.81
1999-02-04T00:00:00Z,9304.5
1999-02-05T00:00:00Z,9304.24
1999-02-08T00:00:00Z,9291.11
1999-02-09T00:00:00Z,9133.03
1999-02-10T00:00:00Z,9177.31
1999-02-11T00:00:00Z,9363.46
1999-02-12T00:00:00Z,9274.89
1999-02-15T00:00:00Z,9274.89
1999-02-16T00:00:00Z,9297.03
1999-02-17T00:00:00Z,9195.47
1999-02-18T00:00:00Z,9298.63
1999-02-19T00:00:00Z,9339.95
1999-02-22T00:00:00Z,9552.68
1999-02-23T00:00:00Z,9544.42
1999-02-24T00:00:00Z,9399.67
1999-02-25T00:00:00Z,9366.34
1999-02-26T00:00:00Z,9306.58
1999-03-01T00:00:00Z,9324.78
1999-03-02T00:00:00Z,9297.61
1999-03-03T00:00:00Z,9275.88
1999-03-04T00:00:00Z,9467.4
1999-03-05T00:00:00Z,9736.08
1999-03-08T00:00:00Z,9727.61
1999-03-09T00:00:00Z,9693.76
1999-03-10T00:00:00Z,9772.84
1999-03-11T00:00:00Z,9897.44
1999-03-12T00:00:00Z,9876.35
1999-03-15T00:00:00Z,9958.77
1999-03-16T00:00:00Z,9930.47
1999-03-17T00:00:00Z,9879.41
1999-03-18T00:00:00Z,9997.62
1999-03-19T00:00:00Z,9903.55
1999-03-22T00:00:00Z,9890.51
1999-03-23T00:00:00Z,9671.83
1999-03-24T00:00:00Z,9666.84
1999-03-25T00:00:00Z,9836.39
1999-03-26T00:00:00Z,9822.24
1999-03-29T00:00:00Z,10006.78
1999-03-30T00:00:00Z,9913.26
1999-03-31T00:00:00Z,9786.16
1999-04-01T00:00:00Z,9832.51
1999-04-02T00:00:00Z,9832.51
1999-04-05T00:00:00Z,10007.33
1999-04-06T00:00:00Z,9963.49
1999-04-07T00:00:00Z,10085.31
1999-04-08T00:00:00Z,10197.7
1999-04-09T00:00:00Z,10173.84
1999-04-12T00:00:00Z,10339.51
1999-04-13T00:00:00Z,10395.01
1999-04-14T00:00:00Z,10411.66
1999-04-15T00:00:00Z,10462.72
1999-04-16T00:00:00Z,10493.89
1999-04-19T00:00:00Z,10440.53
1999-04-20T00:00:00Z,10448.55
1999-04-21T00:00:00Z,10581.42
1999-04-22T00:00:00Z,10727.18
1999-04-23T00:00:00Z,10689.67
1999-04-26T00:00:00Z,10718.59
1999-04-27T00:00:00Z,10831.71
1999-04-28T00:00:00Z,10845.45
1999-04-29T00:00:00Z,10878.38
1999-04-30T00:00:00Z,10789.04
1999-05-03T00:00:00Z,11014.69
1999-05-04T00:00:00Z,10886.11
1999-05-05T00:00:00Z,10955.41
1999-05-06T00:00:00Z,10946.82
1999-05-07T00:00:00Z,11031.59
1999-05-10T00:00:00Z,11007.25
1999-05-11T00:00:00Z,11026.15
1999-05-12T00:00:00Z,11000.37
1999-05-13T00:00:00Z,11107.19
1999-05-14T00:00:00Z,10913.32
1999-05-17T00:00:00Z,10853.47
1999-05-18T00:00:00Z,10836.95
1999-05-19T00:00:00Z,10887.39
1999-05-20T00:00:00Z,10866.74
1999-05-21T00:00:00Z,10829.28
1999-05-24T00:00:00Z,10654.67
1999-05-25T00:00:00Z,10531.09
1999-05-26T00:00:00Z,10702.1
1999-05-27T00:00:00Z,10466.93
1999-05-28T00:00:00Z,10559.74
1999-05-31T00:00:00Z,10559.74
1999-06-01T00:00:00Z,10596.26
1999-06-02T00:00:00Z,10577.89
1999-06-03T00:00:00Z,10663.69
1999-06-04T00:00:00Z,10799.84
1999-06-07T00:00:00Z,10909.38
1999-06-08T00:00:00Z,10765.64
1999-06-09T00:00:00Z,10690.29
1999-06-10T00:00:00Z,10621.27
1999-06-11T00:00:00Z,10490.51
1999-06-14T00:00:00Z,10563.33
1999-06-15T00:00:00Z,10594.99
1999-06-16T00:00:00Z,10784.95
1999-06-17T00:00:00Z,10841.63
1999-06-18T00:00:00Z,10855.56
1999-06-21T00:00:00Z,10815.98
1999-06-22T00:00:00Z,10721.63
1999-06-23T00:00:00Z,10666.86
1999-06-24T00:00:00Z,10534.83
1999-06-25T00:00:00Z,10552.56
1999-06-28T00:00:00Z,10655.15
1999-06-29T00:00:00Z,10815.35
1999-06-30T00:00:00Z,10970.8
1999-07-01T00:00:00Z,11066.42
1999-07-02T00:00:00Z,11139.24
1999-07-05T00:00:00Z,11139.24
1999-07-06T00:00:00Z,11135.12
1999-07-07T00:00:00Z,11187.36
1999-07-08T00:00:00Z,11126.89
1999-07-09T00:00:00Z,11193.7
1999-07-12T00:00:00Z,11200.98
1999-07-13T00:00:00Z,11175.02
1999-07-14T00:00:00Z,11148.1
1999-07-15T00:00:00Z,11186.41
1999-07-16T00:00:00Z,11209.84
1999-07-19T00:00:00Z,11187.68
1999-07-20T00:00:00Z,10996.13
1999-07-21T00:00:00Z,11002.78
1999-07-22T00:00:00Z,10969.22
1999-07-23T00:00:00Z,10910.96
1999-07-26T00:00:00Z,10863.16
1999-07-27T00:00:00Z,10979.04
1999-07-28T00:00:00Z,10972.07
1999-07-29T00:00:00Z,10791.29
1999-07-30T00:00:00Z,10655.15
1999-08-02T00:00:00Z,10645.96
1999-08-03T00:00:00Z,10677.31
1999-08-04T00:00:00Z,10674.77
1999-08-05T00:00:00Z,10793.82
1999-08-06T00:00:00Z,10714.03
1999-08-09T00:00:00Z,10707.7
1999-08-10T00:00:00Z,10655.15
1999-08-11T00:00:00Z,10787.8
1999-08-12T00:00:00Z,10789.39
1999-08-13T00:00:00Z,10973.65
1999-08-16T00:00:00Z,11046.79
1999-08-17T00:00:00Z,11117.08
1999-08-18T00:00:00Z,10991.38
1999-08-19T00:00:00Z,10963.84
1999-08-20T00:00:00Z,11100.61
1999-08-23T00:00:00Z,11299.76
1999-08-24T00:00:00Z,11283.3
1999-08-25T00:00:00Z,11326.04
1999-08-26T00:00:00Z,11198.45
1999-08-27T00:00:00Z,11090.17
1999-08-30T00:00:00Z,10914.13
1999-08-31T00:00:00Z,10829.28
1999-09-01T00:00:00Z,10937.88
1999-09-02T00:00:00Z,10843.21
1999-09-03T00:00:00Z,11078.45
1999-09-06T00:00:00Z,11078.45
1999-09-07T00:00:00Z,11034.13
1999-09-08T00:00:00Z,11036.34
1999-09-09T00:00:00Z,11079.39
1999-09-10T00:00:00Z,11028.42
1999-09-13T00:00:00Z,11030.33
1999-09-14T00:00:00Z,10910.33
1999-09-15T00:00:00Z,10801.42
1999-09-16T00:00:00Z,10737.45
1999-09-17T00:00:00Z,10803.63
1999-09-20T00:00:00Z,10823.89
1999-09-21T00:00:00Z,10598.47
1999-09-22T00:00:00Z,10524.06
1999-09-23T00:00:00Z,10318.59
1999-09-24T00:00:00Z,10279.33
1999-09-27T00:00:00Z,10303.39
1999-09-28T00:00:00Z,10275.53
1999-09-29T00:00:00Z,10213.47
1999-09-30T00:00:00Z,10336.95
1999-10-01T00:00:00Z,10273
1999-10-04T00:00:00Z,10401.22
1999-10-05T00:00:00Z,10400.59
1999-10-06T00:00:00Z,10588.34
1999-10-07T00:00:00Z,10537.05
1999-10-08T00:00:00Z,10649.76
1999-10-11T00:00:00Z,10648.17
1999-10-12T00:00:00Z,10417.06
1999-10-13T00:00:00Z,10232.16
1999-10-14T00:00:00Z,10286.61
1999-10-15T00:00:00Z,10019.7
1999-10-18T00:00:00Z,10116.28
1999-10-19T00:00:00Z,10204.92
1999-10-20T00:00:00Z,10392.36
1999-10-21T00:00:00Z,10297.69
1999-10-22T00:00:00Z,10470.25
1999-10-25T00:00:00Z,10349.92
1999-10-26T00:00:00Z,10302.13
1999-10-27T00:00:00Z,10394.89
1999-10-28T00:00:00Z,10622.53
1999-10-29T00:00:00Z,10729.86
1999-11-01T00:00:00Z,10648.52
1999-11-02T00:00:00Z,10581.84
1999-11-03T00:00:00Z,10609.06
1999-11-04T00:00:00Z,10639.64
1999-11-05T00:00:00Z,10705.39
1999-11-08T00:00:00Z,10718.84
1999-11-09T00:00:00Z,10617.31
1999-11-10T00:00:00Z,10597.73
1999-11-11T00:00:00Z,10595.3
1999-11-12T00:00:00Z,10769.31
1999-11-15T00:00:00Z,10760.75
1999-11-16T00:00:00Z,10932.33
1999-11-17T00:00:00Z,10883.09
1999-11-18T00:00:00Z,11035.7
1999-11-19T00:00:00Z,11003.89
1999-11-22T00:00:00Z,11089.52
1999-11-23T00:00:00Z,10995.63
1999-11-24T00:00:00Z,11008.17
1999-11-25T00:00:00Z,11008.17
1999-11-26T00:00:00Z,10988.91
1999-11-29T00:00:00Z,10947.92
1999-11-30T00:00:00Z,10877.81
1999-12-01T00:00:00Z,10998.39
1999-12-02T00:00:00Z,11039.06
1999-12-03T00:00:00Z,11286.17
1999-12-06T00:00:00Z,11225.02
1999-12-07T00:00:00Z,11106.64
1999-12-08T00:00:00Z,11068.13
1999-12-09T00:00:00Z,11134.78
1999-12-10T00:00:00Z,11224.7
1999-12-13T00:00:00Z,11192.59
1999-12-14T00:00:00Z,11160.17
1999-12-15T00:00:00Z,11225.31
1999-12-16T00:00:00Z,11244.89
1999-12-17T00:00:00Z,11257.42
1999-12-20T00:00:00Z,11144.27
1999-12-21T00:00:00Z,11200.53
1999-12-22T00:00:00Z,11203.59
1999-12-23T00:00:00Z,11405.77
1999-12-24T00:00:00Z,11405.77
1999-12-27T00:00:00Z,11391.08
1999-12-28T00:00:00Z,11476.7
1999-12-29T00:00:00Z,11484.66
1999-12-30T00:00:00Z,11452.86
1999-12-31T00:00:00Z,11497.13
2000-01-03T00:00:00Z,11357.52
2000-01-04T00:00:00Z,10997.92
2000-01-05T00:00:00Z,11122.64
2000-01-06T00:00:00Z,11253.27
2000-01-07T00:00:00Z,11522.56
2000-01-10T00:00:00Z,11572.2
2000-01-11T00:00:00Z,11511.08
2000-01-12T00:00:00Z,11551.09
2000-01-13T00:00:00Z,11582.42
2000-01-14T00:00:00Z,11722.98
2000-01-17T00:00:00Z,11722.98
2000-01-18T00:00:00Z,11560.72
2000-01-19T00:00:00Z,11489.36
2000-01-20T00:00:00Z,11351.3
2000-01-21T00:00:00Z,11251.7
2000-01-24T00:00:00Z,11008.17
2000-01-25T00:00:00Z,11029.89
2000-01-26T00:00:00Z,11032.98
2000-01-27T00:00:00Z,11028.02
2000-01-28T00:00:00Z,10738.88
2000-01-31T00:00:00Z,10940.53
2000-02-01T00:00:00Z,11041.05
2000-02-02T00:00:00Z,11003.2
2000-02-03T00:00:00Z,11013.44
2000-02-04T00:00:00Z,10963.8
2000-02-07T00:00:00Z,10905.78
2000-02-08T00:00:00Z,10957.59
2000-02-09T00:00:00Z,10699.16
2000-02-10T00:00:00Z,10643.63
2000-02-11T00:00:00Z,10425.2
2000-02-14T00:00:00Z,10519.84
2000-02-15T00:00:00Z,10718.09
2000-02-16T00:00:00Z,10561.41
2000-02-17T00:00:00Z,10514.56
2000-02-18T00:00:00Z,10219.52
2000-02-21T00:00:00Z,10219.52
2000-02-22T00:00:00Z,10304.84
2000-02-23T00:00:00Z,10225.72
2000-02-24T00:00:00Z,10092.63
2000-02-25T00:00:00Z,9862.11
2000-02-28T00:00:00Z,10038.64
2000-02-29T00:00:00Z,10128.31
2000-03-01T00:00:00Z,10137.92
2000-03-02T00:00:00Z,10164.92
2000-03-03T00:00:00Z,10367.2
2000-03-06T00:00:00Z,10170.5
2000-03-07T00:00:00Z,9796.03
2000-03-08T00:00:00Z,9856.53
2000-03-09T00:00:00Z,10010.72
2000-03-10T00:00:00Z,9928.81
2000-03-13T00:00:00Z,9947.13
2000-03-14T00:00:00Z,9811.23
2000-03-15T00:00:00Z,10131.41
2000-03-16T00:00:00Z,10630.59
2000-03-17T00:00:00Z,10595.23
2000-03-20T00:00:00Z,10680.23
2000-03-21T00:00:00Z,10907.34
2000-03-22T00:00:00Z,10866.7
2000-03-23T00:00:00Z,11119.86
2000-03-24T00:00:00Z,11112.72
2000-03-27T00:00:00Z,11025.84
2000-03-28T00:00:00Z,10936.11
2000-03-29T00:00:00Z,11018.72
2000-03-30T00:00:00Z,10980.25
2000-03-31T00:00:00Z,10921.92
2000-04-03T00:00:00Z,11221.92
2000-04-04T00:00:00Z,11164.84
2000-04-05T00:00:00Z,11033.92
2000-04-06T00:00:00Z,11114.27
2000-04-07T00:00:00Z,11111.48
2000-04-10T00:00:00Z,11186.56
2000-04-11T00:00:00Z,11287.08
2000-04-12T00:00:00Z,11125.13
2000-04-13T00:00:00Z,10923.55
2000-04-14T00:00:00Z,10305.77
2000-04-17T00:00:00Z,10582.52
2000-04-18T00:00:00Z,10767.42
2000-04-19T00:00:00Z,10674.95
2000-04-20T00:00:00Z,10844.05
2000-04-21T00:00:00Z,10844.05
2000-04-24T00:00:00Z,10906.09
2000-04-25T00:00:00Z,11124.81
2000-04-26T00:00:00Z,10945.5
2000-04-27T00:00:00Z,10888.09
2000-04-28T00:00:00Z,10733.91
2000-05-01T00:00:00Z,10811.78
2000-05-02T00:00:00Z,10731.13
2000-05-03T00:00:00Z,10480.13
2000-05-04T00:00:00Z,10412.48
2000-05-05T00:00:00Z,10577.86
2000-05-08T00:00:00Z,10603.63
2000-05-09T00:00:00Z,10536.75
2000-05-10T00:00:00Z,10367.78
2000-05-11T00:00:00Z,10545.97
2000-05-12T00:00:00Z,10609.38
2000-05-15T00:00:00Z,10807.78
2000-05-16T00:00:00Z,10934.56
2000-05-17T00:00:00Z,10769.73
2000-05-18T00:00:00Z,10777.28
2000-05-19T00:00:00Z,10626.84
2000-05-22T00:00:00Z,10542.55
2000-05-23T00:00:00Z,10422.27
2000-05-24T00:00:00Z,10535.34
2000-05-25T00:00:00Z,10323.92
2000-05-26T00:00:00Z,10299.23
2000-05-29T00:00:00Z,10299.23
2000-05-30T00:00:00Z,10527.13
2000-05-31T00:00:00Z,10522.33
2000-06-01T00:00:00Z,10652.2
2000-06-02T00:00:00Z,10794.77
2000-06-05T00:00:00Z,10815.3
2000-06-06T00:00:00Z,10735.56
2000-06-07T00:00:00Z,10812.86
2000-06-08T00:00:00Z,10668.72
2000-06-09T00:00:00Z,10614.06
2000-06-12T00:00:00Z,10564.2
2000-06-13T00:00:00Z,10621.84
2000-06-14T00:00:00Z,10687.95
2000-06-15T00:00:00Z,10714.81
2000-06-16T00:00:00Z,10449.3
2000-06-19T00:00:00Z,10557.84
2000-06-20T00:00:00Z,10435.16
2000-06-21T00:00:00Z,10497.74
2000-06-22T00:00:00Z,10376.12
2000-06-23T00:00:00Z,10404.75
2000-06-26T00:00:00Z,10542.98
2000-06-27T00:00:00Z,10504.45
2000-06-28T00:00:00Z,10527.78
2000-06-29T00:00:00Z,10398.03
2000-06-30T00:00:00Z,10447.89
2000-07-03T00:00:00Z,10560.67
2000-07-04T00:00:00Z,10560.67
2000-07-05T00:00:00Z,10483.59
2000-07-06T00:00:00Z,10481.47
2000-07-07T00:00:00Z,10635.98
2000-07-10T00:00:00Z,10646.58
2000-07-11T00:00:00Z,10727.19
2000-07-12T00:00:00Z,10783.77
2000-07-13T00:00:00Z,10788.7
2000-07-14T00:00:00Z,10812.75
2000-07-17T00:00:00Z,10804.27
2000-07-18T00:00:00Z,10739.92
2000-07-19T00:00:00Z,10696.08
2000-07-20T00:00:00Z,10843.87
2000-07-21T00:00:00Z,10733.56
2000-07-24T00:00:00Z,10685.12
2000-07-25T00:00:00Z,10699.97
2000-07-26T00:00:00Z,10516.48
2000-07-27T00:00:00Z,10586.13
2000-07-28T00:00:00Z,10511.17
2000-07-31T00:00:00Z,10521.98
2000-08-01T00:00:00Z,10606.95
2000-08-02T00:00:00Z,10687.53
2000-08-03T00:00:00Z,10706.58
2000-08-04T00:00:00Z,10767.75
2000-08-07T00:00:00Z,10867.01
2000-08-08T00:00:00Z,10976.89
2000-08-09T00:00:00Z,10905.83
2000-08-10T00:00:00Z,10908.76
2000-08-11T00:00:00Z,11027.8
2000-08-14T00:00:00Z,11176.14
2000-08-15T00:00:00Z,11067
2000-08-16T00:00:00Z,11008.39
2000-08-17T00:00:00Z,11055.64
2000-08-18T00:00:00Z,11046.48
2000-08-21T00:00:00Z,11079.81
2000-08-22T00:00:00Z,11139.15
2000-08-23T00:00:00Z,11144.65
2000-08-24T00:00:00Z,11182.74
2000-08-25T00:00:00Z,11192.63
2000-08-28T00:00:00Z,11252.84
2000-08-29T00:00:00Z,11215.1
2000-08-30T00:00:00Z,11103.01
2000-08-31T00:00:00Z,11215.1
2000-09-01T00:00:00Z,11238.78
2000-09-04T00:00:00Z,11238.78
2000-09-05T00:00:00Z,11260.61
2000-09-06T00:00:00Z,11310.64
2000-09-07T00:00:00Z,11259.87
